point_id,longitude,latitude,degree,connected_segment_ids,kind,is_user_corrected
P001,116.26717348,40.15509316,3,S001;S002;S003,junction,True
P002,116.26581027,40.15475211,3,S001;S004;S005,junction,True
P003,116.26519381,40.15463398,3,S004;S006;S007,junction,True
P004,116.26529627,40.15422389,3,S006;S008;S009,junction,False
P005,116.26164689,40.15402049,3,S007;S010;S011,junction,False
P006,116.25945199,40.15395241,3,S010;S012;S013,junction,False
P007,116.2662192,40.15378269,3,S005;S014;S015,junction,True
P008,116.2655716,40.1536181,4,S008;S014;S016;S108,junction,True
P009,116.26773748,40.15377086,4,S002;S017;S018;S019,junction,False
P010,116.26108994,40.15365708,3,S009;S011;S020,junction,True
P011,116.2688617,40.15355866,3,S021;S101;S102,junction,True
P012,116.26636112,40.15344718,3,S015;S018;S022,junction,True
P013,116.26898355,40.15322501,3,S021;S023;S024,junction,True
P014,116.26070492,40.15318857,3,S020;S025;S026,junction,True
P015,116.25989554,40.15300061,4,S012;S025;S027;S028,junction,True
P016,116.2629576,40.1529978,3,S016;S029;S030,junction,True
P017,116.26798124,40.15292162,3,S019;S023;S031,junction,True
P018,116.26185646,40.1527676,3,S029;S032;S033,junction,True
P019,116.26671912,40.15253957,4,S022;S031;S034;S100,junction,True
P020,116.25834442,40.15260588,3,S013;S027;S035,junction,True
P021,116.26611785,40.15237805,4,S034;S036;S037;S108,junction,True
P022,116.2605049,40.15246035,4,S026;S032;S038;S039,junction,True
P023,116.26047447,40.15215529,3,S038;S040;S041,junction,True
P024,116.26930784,40.15233698,3,S024;S042;S043,junction,True
P025,116.26023664,40.15211022,3,S028;S035;S040,junction,True
P026,116.26336919,40.15188716,3,S030;S044;S045,junction,True
P027,116.26229145,40.15168445,3,S033;S039;S044,junction,True
P028,116.26707853,40.15177029,3,S042;S047;S109,junction,True
P029,116.26345033,40.15159873,4,S036;S045;S048;S049,junction,True
P030,116.26642244,40.15168659,3,S037;S046;S050,junction,True
P031,116.26261313,40.1513635,3,S048;S051;S052,junction,True
P032,116.2686382,40.15107136,3,S053;S054;S055,junction,True
P033,116.26094434,40.15085015,3,S041;S051;S056,junction,True
P034,116.26747936,40.15091234,3,S047;S053;S057,junction,True
P035,116.27079708,40.15086877,3,S043;S058;S059,junction,True
P036,116.26778299,40.15070775,4,S054;S060;S061;S062,junction,True
P037,116.26757964,40.15067207,3,S057;S060;S063,junction,True
P038,116.26098484,40.15064326,3,S056;S064;S065,junction,True
P039,116.26901268,40.15052873,3,S055;S066;S067,junction,True
P040,116.26420097,40.15027863,3,S049;S068;S069,junction,True
P041,116.26874453,40.15040865,3,S061;S066;S070,junction,True
P042,116.26469944,40.15041813,3,S068;S071;S072,junction,True
P043,116.26769646,40.1502007,3,S063;S073;S074,junction,True
P044,116.26713996,40.15005762,3,S050;S073;S075,junction,True
P045,116.27049194,40.15013321,3,S058;S059;S076,junction,True
P046,116.26803239,40.15008451,3,S062;S070;S103,junction,True
P047,116.26304494,40.14995512,3,S052;S069;S078,junction,True
P048,116.26958036,40.14986768,3,S067;S076;S079,junction,True
P049,116.26801109,40.14941473,3,S077;S079;S080,junction,True
P050,116.2620283,40.14941246,3,S064;S081;S082,junction,True
P051,116.26342811,40.14908577,3,S078;S083;S084,junction,True
P054,116.26282705,40.14913168,3,S081;S084;S088,junction,True
P057,116.26110808,40.14900871,3,S082;S092;S093,junction,True
P058,116.26385888,40.14915991,3,S083;S094;S104,junction,True
P059,116.26596093,40.14889672,3,S080;S095;S107,junction,True
P060,116.2603439,40.14883889,3,S065;S092;S096,junction,True
P061,116.26551583,40.14877691,3,S095;S097;S105,junction,True
P062,116.26203791,40.14886094,3,S088;S093;S098,junction,True
P063,116.26412759,40.1484252,3,S094;S097;S099,junction,True
P064,116.2623793,40.14801574,3,S096;S098;S099,junction,True
P065,116.2686861,40.1540395,4,S003;S017;S101;S102,junction,True
P066,116.26775681,40.14998694,3,S074;S077;S103,junction,True
P067,116.26517008,40.14949501,4,S071;S104;S105;S106,junction,True
P068,116.26569433,40.14963779,4,S072;S075;S106;S107,junction,True
P069,116.26704919,40.15183308,3,S046;S100;S109,junction,True
