segment_id,point_a,point_b,length_m,coordinate_count,supporting_gps_samples,geometry_wkt,is_inferred,length_is_estimate,geometry_method,is_user_corrected
S001,P001,P002,131.88,7,56,"LINESTRING (116.26718944 40.15505574, 116.2669833 40.15506257, 116.26602913 40.15481765, 116.26596638 40.15479371, 116.26595398 40.15477819, 116.26593725 40.15475263, 116.26587174 40.15460412)",False,True,junction_approach_straightening,True
S002,P001,P009,150.12,3,31,"LINESTRING (116.26718944 40.15505574, 116.26724936 40.15490053, 116.26773748 40.15377086)",False,True,junction_approach_straightening,True
S003,P001,P065,259.44,21,74,"LINESTRING (116.26718944 40.15505574, 116.26737214 40.15513038, 116.26750775 40.15516669, 116.26779376 40.15525068, 116.26803929 40.1553137, 116.268168 40.15535889, 116.26823631 40.15537439, 116.26826069 40.1553768, 116.26828457 40.15537133, 116.26829397 40.15535546, 116.26829654 40.15533754, 116.26829197 40.15522945, 116.26826337 40.15520082, 116.26820816 40.15516573, 116.26819869 40.15514891, 116.26819564 40.15511203, 116.26820203 40.15505787, 116.26830355 40.15485555, 116.26837707 40.15472245, 116.26851995 40.15451466, 116.2686861 40.1540395)",False,True,junction_approach_straightening,True
S004,P002,P003,67.25,8,12,"LINESTRING (116.26587174 40.15460412, 116.26580596 40.15471319, 116.2658045 40.15471514, 116.26572023 40.15473198, 116.26562143 40.15472297, 116.26553099 40.15470772, 116.26539008 40.15467807, 116.26519381 40.15463398)",False,True,junction_approach_straightening,True
S005,P002,P007,95.91,4,57,"LINESTRING (116.26587174 40.15460412, 116.26593467 40.15444947, 116.26616182 40.15393245, 116.2662192 40.15378269)",False,True,junction_approach_straightening,True
S006,P003,P004,46.7,3,20,"LINESTRING (116.26519381 40.15463398, 116.26529541 40.15434835, 116.26529627 40.15422389)",False,True,junction_approach_straightening,True
S007,P003,P005,312.93,9,62,"LINESTRING (116.26519381 40.15463398, 116.26442521 40.15453399, 116.2641447 40.15451085, 116.26347234 40.15448732, 116.26308417 40.15444917, 116.26244245 40.15429731, 116.26211734 40.15417874, 116.26184408 40.15407056, 116.26164689 40.15402049)",False,True,junction_approach_straightening,True
S008,P004,P008,71.58,13,51,"LINESTRING (116.26529627 40.15422389, 116.26539798 40.15408307, 116.26540797 40.15405804, 116.26542434 40.15401404, 116.2654407 40.15397005, 116.26545706 40.15392606, 116.26547342 40.15388207, 116.26548979 40.15383807, 116.26550615 40.15379407, 116.26552251 40.15375009, 116.26553887 40.15370609, 116.26555524 40.15366209, 116.2655716 40.1536181)",False,True,junction_approach_straightening,True
S009,P004,P010,383.66,20,89,"LINESTRING (116.26529627 40.15422389, 116.26508751 40.15420827, 116.26492652 40.15417383, 116.26416621 40.1539776, 116.26362086 40.1538614, 116.26342207 40.15382258, 116.26343063 40.1537968, 116.2632965 40.15378642, 116.26314106 40.1537284, 116.26294774 40.15369478, 116.26277696 40.15365489, 116.26252472 40.15358604, 116.26218329 40.15350029, 116.26196038 40.15345505, 116.2617896 40.15341517, 116.26170733 40.15342214, 116.26157158 40.15348365, 116.26139076 40.15355767, 116.26123914 40.15366129, 116.26108994 40.15365708)",False,True,junction_approach_straightening,True
S010,P005,P006,227.59,11,69,"LINESTRING (116.26164689 40.15402049, 116.26158724 40.15417604, 116.26150444 40.15436344, 116.26149385 40.1543762, 116.26146235 40.15438771, 116.26138276 40.15443416, 116.26134603 40.1544457, 116.26130787 40.15444165, 116.26090882 40.15435172, 116.25962738 40.15403907, 116.25945199 40.15395241)",False,True,junction_approach_straightening,True
S011,P005,P010,68.65,6,17,"LINESTRING (116.26164689 40.15402049, 116.26143925 40.15401514, 116.26136596 40.15399513, 116.26130039 40.15392406, 116.26120278 40.15379416, 116.26108994 40.15365708)",False,True,junction_approach_straightening,True
S012,P006,P015,113.69,8,85,"LINESTRING (116.25945199 40.15395241, 116.2595756 40.15382491, 116.25963425 40.15366247, 116.2597199 40.15350574, 116.25979729 40.15338505, 116.25983081 40.15322296, 116.25985057 40.15315902, 116.25989554 40.15300061)",False,True,junction_approach_straightening,True
S013,P006,P020,492.94,27,103,"LINESTRING (116.25945199 40.15395241, 116.25935227 40.15408556, 116.25917954 40.15446075, 116.25909411 40.15468554, 116.25901057 40.15487341, 116.25896307 40.15493611, 116.25892985 40.15496227, 116.25889098 40.15498466, 116.25881936 40.15499673, 116.2587008 40.15499429, 116.25852087 40.15495017, 116.25827892 40.15488086, 116.25763189 40.15471681, 116.25756858 40.15469088, 116.25748483 40.15462565, 116.25746154 40.15457349, 116.25745013 40.15451974, 116.25746954 40.15439456, 116.25756113 40.15419014, 116.25763608 40.15400071, 116.2577485 40.15380253, 116.25781808 40.15364948, 116.25809069 40.15313151, 116.25817437 40.15294411, 116.25822728 40.15284525, 116.25826126 40.15273352, 116.25834442 40.15260588)",False,True,junction_approach_straightening,True
S014,P007,P008,58.12,2,15,"LINESTRING (116.2662192 40.15378269, 116.2655716 40.1536181)",False,True,user_red_annotation_confirmed_OSM_road_centerline,True
S015,P007,P012,39.19,5,19,"LINESTRING (116.2662192 40.15378269, 116.26626113 40.15368526, 116.26631022 40.15358149, 116.26632029 40.15354942, 116.26636112 40.15344718)",False,True,junction_approach_straightening,True
S016,P008,P016,233.13,4,99,"LINESTRING (116.2655716 40.1536181, 116.2645855 40.1533841, 116.26306289 40.1530228, 116.2629576 40.1529978)",False,True,user_red_annotation_confirmed_OSM_road_centerline,True
S017,P009,P065,86.49,5,19,"LINESTRING (116.26773748 40.15377086, 116.267922 40.15383744, 116.26811318 40.15390339, 116.26832978 40.15397317, 116.2686861 40.1540395)",False,True,junction_approach_straightening,True
S018,P009,P012,122.79,4,28,"LINESTRING (116.26773748 40.15377086, 116.26753251 40.15374198, 116.26656135 40.15349639, 116.26636112 40.15344718)",False,True,junction_approach_straightening,True
S019,P009,P017,104.23,7,23,"LINESTRING (116.26773748 40.15377086, 116.26768279 40.15364959, 116.26768252 40.1536479, 116.26770983 40.15355937, 116.2679209 40.15304294, 116.26792055 40.15302799, 116.26787394 40.15287051)",False,True,junction_approach_straightening,True
S020,P010,P014,61.69,5,23,"LINESTRING (116.26108994 40.15365708, 116.26096626 40.15351483, 116.26086444 40.15339628, 116.26079673 40.15333308, 116.26070492 40.15318857)",False,True,junction_approach_straightening,True
S021,P011,P013,35.12,5,17,"LINESTRING (116.26891963 40.15357112, 116.26893749 40.15347728, 116.26896982 40.15340568, 116.26899634 40.15335833, 116.26903088 40.15326797)",False,True,junction_approach_straightening,True
S022,P012,P019,97.67,2,35,"LINESTRING (116.26636112 40.15344718, 116.26671156 40.15260972)",False,True,osm_constrained_map_snap,True
S023,P013,P017,108.86,7,24,"LINESTRING (116.26903088 40.15326797, 116.26884559 40.15320402, 116.26875036 40.15318066, 116.26824229 40.15302656, 116.26803885 40.15297509, 116.26803501 40.15297351, 116.26787394 40.15287051)",False,True,junction_approach_straightening,True
S024,P013,P024,107.22,6,30,"LINESTRING (116.26903088 40.15326797, 116.26907014 40.15311106, 116.26914123 40.15293871, 116.26930561 40.15257644, 116.26932538 40.15249522, 116.26930784 40.15233698)",False,True,junction_approach_straightening,True
S025,P014,P015,72.16,6,40,"LINESTRING (116.26070492 40.15318857, 116.26049901 40.15315313, 116.26040015 40.15313233, 116.26016284 40.15306329, 116.26009683 40.15304957, 116.25989554 40.15300061)",False,True,junction_approach_straightening,True
S026,P014,P022,82.84,7,21,"LINESTRING (116.26070492 40.15318857, 116.26067015 40.15307521, 116.26063553 40.15295585, 116.26059384 40.1528186, 116.26053736 40.15267555, 116.26052233 40.15262094, 116.2605049 40.15246035)",False,True,junction_approach_straightening,True
S027,P015,P020,140.13,8,29,"LINESTRING (116.25989554 40.15300061, 116.25963598 40.15292585, 116.25940533 40.15289267, 116.25919003 40.15284134, 116.25895259 40.1527783, 116.25870702 40.15274529, 116.2585161 40.15268489, 116.25834442 40.15260588)",False,True,junction_approach_straightening,True
S028,P015,P025,103.56,7,21,"LINESTRING (116.25989554 40.15300061, 116.25992242 40.15283987, 116.25995418 40.15271844, 116.2600481 40.15252569, 116.26010334 40.15239328, 116.26015016 40.15225814, 116.26023664 40.15211022)",False,True,junction_approach_straightening,True
S029,P016,P018,98.57,9,66,"LINESTRING (116.2629576 40.1529978, 116.26276755 40.15292689, 116.26269692 40.15290129, 116.26253307 40.15288528, 116.26242201 40.15284469, 116.26231736 40.15285192, 116.26219084 40.15283546, 116.2620612 40.15280775, 116.26185646 40.1527676)",False,True,junction_approach_straightening,True
S030,P016,P026,128.43,9,50,"LINESTRING (116.2629576 40.1529978, 116.26299044 40.15283772, 116.26302163 40.15273571, 116.26308473 40.15258524, 116.26316358 40.15239865, 116.26323443 40.15223611, 116.26329047 40.15206775, 116.26330107 40.1520402, 116.26336919 40.15188716)",False,True,junction_approach_straightening,True
S031,P017,P019,107.14,10,42,"LINESTRING (116.26787394 40.15287051, 116.2676828 40.15280164, 116.26766895 40.15279729, 116.26753253 40.15276374, 116.2674238 40.15272869, 116.26715361 40.15265774, 116.26706629 40.15262983, 116.26682505 40.15257099, 116.26677774 40.1525643, 116.26671156 40.15260972)",False,True,junction_approach_straightening,True
S032,P018,P022,120.62,9,46,"LINESTRING (116.26185646 40.1527676, 116.26164796 40.15274541, 116.26155876 40.15272923, 116.26136625 40.15265967, 116.26121041 40.15261961, 116.26101017 40.15256211, 116.26080967 40.1525166, 116.26062382 40.15248289, 116.2605049 40.15246035)",False,True,junction_approach_straightening,True
S033,P018,P027,126.16,9,32,"LINESTRING (116.26185646 40.1527676, 116.26189693 40.15260949, 116.26192893 40.15253318, 116.26199178 40.15239469, 116.2620477 40.15223233, 116.26212588 40.15207568, 116.26218219 40.15189536, 116.26220827 40.15183284, 116.26229145 40.15168445)",False,True,junction_approach_straightening,True
S034,P019,P021,38.58,5,13,"LINESTRING (116.26671156 40.15260972, 116.26656746 40.15257126, 116.26641023 40.1525189, 116.26640884 40.15251798, 116.266337 40.15243761)",False,True,junction_approach_straightening,True
S035,P020,P025,223.98,15,90,"LINESTRING (116.25834442 40.15260588, 116.25841446 40.15247929, 116.25850785 40.15231049, 116.2585779 40.1521839, 116.25865582 40.15203924, 116.25871105 40.15190684, 116.25877269 40.15182225, 116.25892174 40.15183246, 116.25915211 40.15187762, 116.25936009 40.15192305, 116.25955325 40.15196267, 116.25975322 40.15203215, 116.25989494 40.15203644, 116.26005092 40.15207051, 116.26023664 40.15211022)",False,True,user_satellite_redline_registered,True
S036,P021,P029,263.68,13,51,"LINESTRING (116.266337 40.15243761, 116.26613473 40.15241089, 116.26593399 40.15235214, 116.26577808 40.15231204, 116.26569127 40.15228463, 116.26496182 40.15208443, 116.26465661 40.15199072, 116.26452402 40.15195447, 116.2640869 40.1518224, 116.26388714 40.1517658, 116.26362736 40.15168068, 116.26362209 40.15167922, 116.26345033 40.15159873)",False,True,junction_approach_straightening,True
S037,P021,P030,84.57,9,21,"LINESTRING (116.266337 40.15243761, 116.26629632 40.15227904, 116.2662957 40.1522772, 116.26630385 40.1522229, 116.26632016 40.15215164, 116.26638949 40.15199751, 116.26644479 40.1518584, 116.26644502 40.1518556, 116.2664595 40.1516962)",False,True,junction_approach_straightening,True
S038,P022,P023,34.02,4,15,"LINESTRING (116.2605049 40.15246035, 116.26049186 40.15237666, 116.2604737 40.15224717, 116.26047447 40.15215529)",False,True,junction_approach_straightening,True
S039,P022,P027,234.25,16,86,"LINESTRING (116.2605049 40.15246035, 116.26065354 40.15234592, 116.26070254 40.15230228, 116.26076485 40.15218775, 116.26084343 40.15201315, 116.26085456 40.15185132, 116.26091753 40.15170684, 116.26097223 40.15159839, 116.26107212 40.15147144, 116.2611776 40.15142826, 116.26132719 40.15141449, 116.26151331 40.15143623, 116.26169074 40.15151196, 116.26192003 40.15160504, 116.26208939 40.15163714, 116.26229145 40.15168445)",False,True,junction_approach_straightening,True
S040,P023,P025,20.88,4,2,"LINESTRING (116.26047447 40.15215529, 116.26039275 40.1521383, 116.26031102 40.15212131, 116.26023664 40.15211022)",False,True,user_satellite_redline_registered,True
S041,P023,P033,151.63,8,69,"LINESTRING (116.26047447 40.15215529, 116.26047626 40.15199352, 116.26050404 40.15183754, 116.26055982 40.15168117, 116.26062376 40.15149476, 116.26074251 40.15119391, 116.260852 40.15099599, 116.26094434 40.15085015)",False,True,junction_approach_straightening,True
S042,P024,P028,206.32,5,86,"LINESTRING (116.26930784 40.15233698, 116.26902415 40.15225814, 116.26720404 40.15180176, 116.26716708 40.15177754, 116.26714376 40.1516589)",False,True,osm_constrained_map_snap,True
S043,P024,P035,255.55,11,56,"LINESTRING (116.26930784 40.15233698, 116.26951145 40.15237956, 116.2698293 40.15246283, 116.26995828 40.15248718, 116.26999606 40.15248623, 116.2700431 40.15247637, 116.27007793 40.15245004, 116.2701069 40.1524146, 116.27015653 40.15231425, 116.27072816 40.1510218, 116.27079708 40.15086877)",False,True,junction_approach_straightening,True
S044,P026,P027,94.77,6,8,"LINESTRING (116.26336919 40.15188716, 116.26316674 40.15184549, 116.26298976 40.1518318, 116.26276672 40.15179255, 116.26251436 40.15172969, 116.26229145 40.15168445)",False,True,junction_approach_straightening,True
S045,P026,P029,32.85,4,6,"LINESTRING (116.26336919 40.15188716, 116.26341669 40.15176681, 116.2634351 40.15168668, 116.26345033 40.15159873)",False,True,junction_approach_straightening,True
S046,P028,P030,66.23,9,18,"LINESTRING (116.26714376 40.1516589, 116.26699226 40.15174899, 116.26698442 40.15176051, 116.26696968 40.15177532, 116.26693134 40.15179887, 116.26690779 40.15180471, 116.26687803 40.15179308, 116.26676583 40.15176714, 116.2664595 40.1516962)",False,True,junction_approach_straightening,True
S047,P028,P034,88.52,5,53,"LINESTRING (116.26714376 40.1516589, 116.26717171 40.15149994, 116.26733103 40.15111488, 116.26736867 40.15105001, 116.26747936 40.15091234)",False,True,junction_approach_straightening,True
S048,P029,P031,76.51,6,29,"LINESTRING (116.26345033 40.15159873, 116.2632428 40.15156869, 116.26317504 40.1515601, 116.26299 40.15149044, 116.26280497 40.1514208, 116.26261313 40.1513635)",False,True,junction_approach_straightening,True
S049,P029,P040,150.02,15,61,"LINESTRING (116.26345033 40.15159873, 116.2635947 40.15148287, 116.26359846 40.15147982, 116.26367678 40.15138693, 116.26373332 40.15126749, 116.26379862 40.15116947, 116.26384128 40.15106569, 116.26389702 40.15098494, 116.2639244 40.15091444, 116.2639655 40.15084785, 116.26400885 40.15072482, 116.26404501 40.15065726, 116.26407392 40.15058785, 116.26410058 40.15053517, 116.26415189 40.1503786)",False,True,junction_approach_straightening,True
S050,P030,P044,190.97,5,90,"LINESTRING (116.2664595 40.1516962, 116.26655771 40.1514677, 116.26679872 40.15089226, 116.26702703 40.15035107, 116.26713996 40.15005762)",False,True,user_redline_precise_local_refinement,True
S051,P031,P033,153.43,10,31,"LINESTRING (116.26261313 40.1513635, 116.26261219 40.15136321, 116.26241984 40.15128766, 116.2622272 40.15122409, 116.26201217 40.15116079, 116.26176754 40.15108585, 116.26150784 40.15101709, 116.26124055 40.15095441, 116.26113754 40.1509155, 116.26094434 40.15085015)",False,True,junction_approach_straightening,True
S052,P031,P047,161.82,6,34,"LINESTRING (116.26261313 40.1513635, 116.26259717 40.15120234, 116.26262512 40.15109005, 116.26276134 40.15076058, 116.26293371 40.15036355, 116.26304494 40.14995512)",False,True,junction_approach_straightening,True
S053,P032,P034,123.82,11,42,"LINESTRING (116.2686382 40.15107136, 116.2687058 40.15114995, 116.26870759 40.15115246, 116.26870871 40.15116138, 116.26869337 40.15118536, 116.26866326 40.15120113, 116.2685944 40.15119473, 116.26838938 40.15114597, 116.26776598 40.15098309, 116.26767735 40.15096464, 116.26747936 40.15091234)",False,True,junction_approach_straightening,True
S054,P032,P036,96.34,10,21,"LINESTRING (116.2686382 40.15107136, 116.26843848 40.15101887, 116.26837215 40.15099958, 116.26801662 40.15090572, 116.26782984 40.15084414, 116.26775881 40.1507912, 116.26773256 40.15076059, 116.26772486 40.15071935, 116.26774103 40.15070376, 116.26778299 40.15070775)",False,True,junction_approach_straightening,True
S055,P032,P039,70.74,5,28,"LINESTRING (116.2686382 40.15107136, 116.26879659 40.15099118, 116.26879717 40.15099065, 116.26885076 40.15088937, 116.26901268 40.15052873)",False,True,junction_approach_straightening,True
S056,P033,P038,34.72,5,7,"LINESTRING (116.26094434 40.15085015, 116.26097553 40.15075815, 116.26102491 40.15063107, 116.26102503 40.1506274, 116.26100353 40.15054775)",False,True,junction_approach_straightening,True
S057,P034,P037,29.2,5,10,"LINESTRING (116.26747936 40.15091234, 116.26747438 40.15091623, 116.26748184 40.15088789, 116.26754253 40.15074555, 116.26757964 40.15067207)",False,True,junction_approach_straightening,True
S058,P035,P045,95.31,11,25,"LINESTRING (116.27079708 40.15086877, 116.27061391 40.15080819, 116.27061304 40.15080759, 116.27058953 40.15077339, 116.27058391 40.15074614, 116.2706214 40.15060685, 116.27062065 40.15059038, 116.27060387 40.15053546, 116.27049503 40.15037141, 116.27048242 40.15029424, 116.27049194 40.15013321)",False,True,junction_approach_straightening,True
S059,P035,P045,108.27,9,45,"LINESTRING (116.27079708 40.15086877, 116.27085477 40.15071331, 116.270965 40.15041797, 116.27096884 40.15036898, 116.27096291 40.15033954, 116.2709525 40.15031804, 116.27091063 40.15028274, 116.27083558 40.15023801, 116.27049194 40.15013321)",False,True,junction_approach_straightening,True
S060,P036,P037,17.83,3,7,"LINESTRING (116.26778299 40.15070775, 116.26766881 40.15069408, 116.26757964 40.15067207)",False,True,osm_constrained_map_snap,True
S061,P036,P041,120.05,12,55,"LINESTRING (116.26778299 40.15070775, 116.26795323 40.15080066, 116.26796558 40.15080491, 116.26826398 40.15086837, 116.26836706 40.15087892, 116.26842113 40.15087608, 116.26852423 40.15083159, 116.26856689 40.15080075, 116.2685863 40.15077304, 116.26863167 40.15068524, 116.26867857 40.15056267, 116.26874453 40.15040865)",False,True,junction_approach_straightening,True
S062,P036,P046,72.43,5,15,"LINESTRING (116.26778299 40.15070775, 116.26783846 40.15056035, 116.26785461 40.15050433, 116.267972 40.15023686, 116.26803239 40.15008451)",False,True,junction_approach_straightening,True
S063,P037,P043,55.89,3,24,"LINESTRING (116.26757964 40.15067207, 116.26752856 40.1506166, 116.26769646 40.1502007)",False,True,user_redline_precise_local_refinement,True
S064,P038,P050,154.22,9,68,"LINESTRING (116.26100353 40.15054775, 116.26111315 40.15040975, 116.26116145 40.15031877, 116.2612933 40.15016419, 116.26143197 40.1499794, 116.26164456 40.149738, 116.2618434 40.14955101, 116.26187627 40.14952494, 116.2620283 40.14941246)",False,True,junction_approach_straightening,True
S065,P038,P060,286.17,25,64,"LINESTRING (116.26100353 40.15054775, 116.26082185 40.15062335, 116.26079573 40.15062812, 116.26067773 40.15062415, 116.26051874 40.15058997, 116.26033335 40.15051168, 116.26008451 40.15037601, 116.2598384 40.15027002, 116.25980074 40.15024752, 116.25975392 40.15020661, 116.25970316 40.15014401, 116.2597086 40.15003457, 116.25979972 40.14988769, 116.25993154 40.14959858, 116.25996286 40.14955023, 116.25998357 40.14950785, 116.26000424 40.14946548, 116.26002221 40.14942209, 116.26004016 40.14937873, 116.2600581 40.14933536, 116.26007605 40.14929199, 116.2601412 40.14918178, 116.26022835 40.1490468, 116.26028612 40.14894285, 116.2603439 40.14883889)",False,True,junction_approach_straightening,True
S066,P039,P041,39.16,11,20,"LINESTRING (116.26901268 40.15052873, 116.26891334 40.15045642, 116.26889552 40.15043477, 116.26887236 40.15038905, 116.26884602 40.15035533, 116.26882182 40.15034152, 116.26878606 40.15034039, 116.26876867 40.15034348, 116.26875883 40.15035138, 116.26875792 40.15035264, 116.26874453 40.15040865)",False,True,junction_approach_straightening,True
S067,P039,P048,97.57,9,29,"LINESTRING (116.26901268 40.15052873, 116.26907134 40.15038291, 116.26916828 40.15012268, 116.26919777 40.15006758, 116.26925169 40.15006385, 116.2693534 40.15007639, 116.26939662 40.15005793, 116.26946241 40.15000215, 116.26958036 40.14986768)",False,True,junction_approach_straightening,True
S068,P040,P042,53.38,6,13,"LINESTRING (116.26415189 40.1503786, 116.26431655 40.15031052, 116.26432069 40.15030935, 116.26441754 40.15030947, 116.26456358 40.15033675, 116.26475101 40.15034637)",False,True,junction_approach_straightening,True
S069,P040,P047,105.64,13,24,"LINESTRING (116.26415189 40.1503786, 116.26396695 40.15029921, 116.26388218 40.15026784, 116.26360991 40.15017845, 116.26359863 40.15017545, 116.26354333 40.15015827, 116.26347701 40.15013766, 116.26341069 40.15011705, 116.26335919 40.15010105, 116.26334546 40.15009506, 116.26328404 40.15006828, 116.2632232 40.15004175, 116.26304494 40.14995512)",False,True,junction_approach_straightening,True
S070,P041,P046,73.49,7,26,"LINESTRING (116.26874453 40.15040865, 116.26860351 40.150289, 116.26853202 40.15021144, 116.26839158 40.15017866, 116.26831791 40.15017151, 116.268227 40.15014761, 116.26803239 40.15008451)",False,True,junction_approach_straightening,True
S071,P042,P058,227.29,31,90,"LINESTRING (116.26475101 40.15034637, 116.26487166 40.15021361, 116.26488481 40.15019629, 116.26490307 40.15016128, 116.26492422 40.15008958, 116.26494272 40.14999905, 116.26497417 40.14992629, 116.26498551 40.14991129, 116.26500896 40.14987659, 116.2650427 40.14982665, 116.26507644 40.1497767, 116.2651102 40.14972677, 116.26514394 40.14967683, 116.26517768 40.14962689, 116.26518819 40.14961133, 116.26520302 40.14957595, 116.26520565 40.14956969, 116.26521069 40.14952549, 116.26521496 40.14948824, 116.26521361 40.14947588, 116.26511513 40.14944953, 116.26500915 40.14942344, 116.26486471 40.14936282, 116.26473617 40.14933756, 116.26462238 40.14929978, 116.26447097 40.14926337, 116.26434229 40.14923212, 116.26421388 40.14921285, 116.26407809 40.14919983, 116.26406278 40.14919825, 116.26385888 40.14915991)",False,True,junction_approach_straightening,True
S072,P042,P061,417.45,40,95,"LINESTRING (116.26475101 40.15034637, 116.26462131 40.15047068, 116.2645128 40.1507195, 116.26450754 40.15073836, 116.26451653 40.15077468, 116.26457394 40.15087721, 116.26462455 40.15093218, 116.2646562 40.15095337, 116.26475209 40.15097215, 116.2648639 40.15100935, 116.26519531 40.15110086, 116.26523654 40.15110219, 116.26530905 40.15109189, 116.26534292 40.15106337, 116.26535079 40.1510446, 116.26534987 40.15102174, 116.26533069 40.15099733, 116.26528277 40.15096032, 116.26527547 40.15094123, 116.26528511 40.15089718, 116.26532891 40.15079465, 116.26534153 40.15071045, 116.26535069 40.15068608, 116.26561762 40.15007276, 116.26562491 40.15004275, 116.26560796 40.15000938, 116.26556674 40.14996789, 116.26554496 40.14993195, 116.26554675 40.14990665, 116.26558549 40.14980233, 116.26554773 40.14973971, 116.26551988 40.14966875, 116.2654991 40.1496415, 116.2653355 40.14958928, 116.26529023 40.14956656, 116.26523402 40.14949347, 116.26523414 40.14947605, 116.26524824 40.14942393, 116.2654434 40.14895554, 116.26555409 40.14881986)",False,True,junction_approach_straightening,True
S073,P043,P044,50.01,3,8,"LINESTRING (116.26769646 40.1502007, 116.26753024 40.15015615, 116.26713996 40.15005762)",False,True,junction_approach_straightening,True
S074,P043,P066,24.38,3,5,"LINESTRING (116.26769646 40.1502007, 116.26771543 40.15008796, 116.26775681 40.14998694)",False,True,user_redline_precise_local_refinement,True
S075,P044,P059,217.7,13,48,"LINESTRING (116.26713996 40.15005762, 116.26687101 40.14998862, 116.26624369 40.14982689, 116.26577655 40.14970509, 116.26575259 40.1496938, 116.26572735 40.14966958, 116.26570162 40.14958508, 116.26570078 40.14956279, 116.26571289 40.1495326, 116.26571161 40.14950443, 116.26569838 40.14946976, 116.26570069 40.14944488, 116.26593784 40.14890041)",False,True,user_redline_precise_local_refinement,True
S076,P045,P048,83.12,4,28,"LINESTRING (116.27049194 40.15013321, 116.27029096 40.15008314, 116.26977382 40.14993255, 116.26958036 40.14986768)",False,True,junction_approach_straightening,True
S077,P066,P049,67.19,4,12,"LINESTRING (116.26775681 40.14998694, 116.26785281 40.14978015, 116.26792876 40.14957484, 116.26801109 40.14941473)",False,True,user_redline_precise_local_refinement,True
S078,P047,P051,102.3,9,39,"LINESTRING (116.26304494 40.14995512, 116.26312619 40.14980652, 116.26314266 40.14974922, 116.26320766 40.14963301, 116.26324926 40.14948172, 116.26329909 40.14936008, 116.2633343 40.14925695, 116.26335286 40.14923605, 116.26342811 40.14908577)",False,True,junction_approach_straightening,True
S079,P048,P049,142.86,4,56,"LINESTRING (116.26958036 40.14986768, 116.26941024 40.14981818, 116.26821026 40.14946868, 116.26801109 40.14941473)",False,True,junction_approach_straightening,True
S080,P049,P059,185.66,4,40,"LINESTRING (116.26801109 40.14941473, 116.26781159 40.14936152, 116.26604158 40.14892656, 116.26593784 40.14890041)",False,True,junction_approach_straightening,True
S081,P050,P054,74.94,6,31,"LINESTRING (116.2620283 40.14941246, 116.26221366 40.14933601, 116.2623043 40.14930653, 116.26246096 40.1492469, 116.26262997 40.14918987, 116.26282705 40.14913168)",False,True,junction_approach_straightening,True
S082,P057,P050,97.89,9,64,"LINESTRING (116.26110808 40.14900871, 116.26131324 40.14904735, 116.26141795 40.1490633, 116.26162157 40.14907983, 116.26172003 40.1491062, 116.26181112 40.14913881, 116.26191099 40.14922503, 116.26196575 40.1493129, 116.2620283 40.14941246)",False,True,junction_approach_straightening,True
S083,P051,P058,37.88,6,11,"LINESTRING (116.26342811 40.14908577, 116.26355285 40.14912256, 116.26363257 40.14913822, 116.26372295 40.14914091, 116.26372881 40.14914238, 116.26385888 40.14915991)",False,True,junction_approach_straightening,True
S084,P054,P051,51.93,6,14,"LINESTRING (116.26282705 40.14913168, 116.26300601 40.14910261, 116.26308956 40.14909214, 116.2631876 40.14910055, 116.2632456 40.14908683, 116.26342811 40.14908577)",False,True,junction_approach_straightening,True
S088,P062,P054,74.5,8,4,"LINESTRING (116.26203791 40.14886094, 116.26224617 40.14888779, 116.26225685 40.14888889, 116.26236325 40.14893294, 116.26247733 40.1489827, 116.26260643 40.1490319, 116.2626465 40.14904986, 116.26282705 40.14913168)",False,True,junction_approach_straightening,True
S092,P060,P057,67.9,6,29,"LINESTRING (116.2603439 40.14883889, 116.26054724 40.14888293, 116.26066157 40.14890518, 116.2608202 40.14892935, 116.26090836 40.14895599, 116.26110808 40.14900871)",False,True,junction_approach_straightening,True
S093,P057,P062,113.57,12,20,"LINESTRING (116.26110808 40.14900871, 116.26112073 40.1489064, 116.26113323 40.1487981, 116.26116134 40.14871321, 116.26120562 40.14867564, 116.26127316 40.14866719, 116.26136396 40.14868784, 116.2615006 40.14873677, 116.26165226 40.14878515, 116.26178082 40.14881042, 116.26183306 40.14882776, 116.26203791 40.14886094)",False,True,junction_approach_straightening,True
S094,P058,P063,84.79,8,28,"LINESTRING (116.26385888 40.14915991, 116.26391912 40.14900452, 116.26392276 40.14899583, 116.26395782 40.14888671, 116.2639855 40.14878385, 116.26402071 40.14868072, 116.26407053 40.14855908, 116.26412759 40.1484252)",False,True,junction_approach_straightening,True
S095,P059,P061,34.02,4,15,"LINESTRING (116.26593784 40.14890041, 116.26569533 40.14883723, 116.26567206 40.14883283, 116.26555409 40.14881986)",False,True,junction_approach_straightening,True
S096,P060,P064,274.47,26,51,"LINESTRING (116.2603439 40.14883889, 116.26038133 40.14867936, 116.26041304 40.14857876, 116.26047749 40.14843861, 116.26052775 40.14833494, 116.26056295 40.14823181, 116.26062824 40.14812758, 116.26068573 40.14801165, 116.26074392 40.14792565, 116.26080978 40.14784537, 116.26082256 40.14774904, 116.260844 40.14770034, 116.26090359 40.1476742, 116.26101584 40.14764614, 116.261076 40.14764395, 116.26119688 40.1476635, 116.26132556 40.14769475, 116.26146177 40.14772573, 116.26158337 40.14777521, 116.26170424 40.14779475, 116.26181803 40.14783253, 116.26193168 40.14786433, 116.26206816 40.14790728, 116.26219713 40.1479505, 116.2623034 40.14798856, 116.2623793 40.14801574)",False,True,junction_approach_straightening,True
S097,P061,P063,133.11,13,26,"LINESTRING (116.26555409 40.14881986, 116.26541508 40.14870255, 116.26540284 40.14869479, 116.26535475 40.14866426, 116.26530667 40.14863375, 116.26515555 40.14860931, 116.26501139 40.14856067, 116.26488285 40.14853541, 116.26472436 40.14851723, 116.26458064 40.14848653, 116.26441434 40.14845666, 116.264337 40.14844335, 116.26412759 40.1484252)",False,True,junction_approach_straightening,True
S098,P062,P064,98.88,9,35,"LINESTRING (116.26203791 40.14886094, 116.26210742 40.14870805, 116.26212393 40.14867807, 116.26216638 40.1485627, 116.26220896 40.14845331, 116.26225892 40.14833766, 116.26227087 40.14820542, 116.26228814 40.14816107, 116.2623793 40.14801574)",False,True,junction_approach_straightening,True
S099,P064,P063,156.97,14,30,"LINESTRING (116.2623793 40.14801574, 116.26258525 40.14805203, 116.26266648 40.14806517, 116.26278793 40.14810866, 116.26293152 40.14813337, 116.26306758 40.14815836, 116.26319557 40.14815968, 116.26334653 40.14817813, 116.26349054 40.14822081, 116.26358901 40.14824716, 116.26370293 40.14829093, 116.26383205 40.14834014, 116.26393058 40.1483677, 116.26412759 40.1484252)",False,True,junction_approach_straightening,True
S100,P019,P028,112.82,7,2,"LINESTRING (116.26671156 40.15260972, 116.26693868 40.15209894, 116.2669602 40.15207493, 116.26700656 40.15204211, 116.26702646 40.15201041, 116.26710671 40.15181776, 116.26714376 40.1516589)",True,True,junction_approach_straightening,True
S101,P065,P011,151.41,18,36,"LINESTRING (116.2686861 40.1540395, 116.26917151 40.15418767, 116.2692188 40.1541838, 116.26926422 40.15417215, 116.26928397 40.15416167, 116.26931598 40.15413446, 116.26938688 40.15406196, 116.26944054 40.15398076, 116.26944797 40.15396299, 116.26946317 40.15389116, 116.26945887 40.1538352, 116.26943938 40.15380105, 116.26940953 40.15377283, 116.2693733 40.15374992, 116.26931215 40.15372304, 116.26913212 40.15368053, 116.26908879 40.15366532, 116.26891963 40.15357112)",False,True,junction_approach_straightening,True
S102,P065,P011,56.95,5,12,"LINESTRING (116.2686861 40.1540395, 116.26869961 40.15388514, 116.26875458 40.15379996, 116.26881062 40.15369309, 116.26891963 40.15357112)",False,True,junction_approach_straightening,True
S103,P066,P046,25.93,4,9,"LINESTRING (116.26775681 40.14998694, 116.26784281 40.15000958, 116.26790704 40.15003772, 116.26803239 40.15008451)",False,True,junction_approach_straightening,True
